datetime,Linear Regression
2024-01-10 00:00:00,46649.736752620345
2024-01-10 01:00:00,46642.920271950694
2024-01-10 02:00:00,46553.84595235324
2024-01-10 03:00:00,45335.469478738014
2024-01-10 04:00:00,45299.19559532868
2024-01-10 05:00:00,45357.21085675102
2024-01-10 06:00:00,46018.18084617645
2024-01-10 07:00:00,45951.31430392099
2024-01-10 08:00:00,45949.45914015162
2024-01-10 09:00:00,46234.40809682438
2024-01-10 10:00:00,46156.27227523696
2024-01-10 11:00:00,46060.54929224422
2024-01-10 12:00:00,46184.891450152216
2024-01-10 13:00:00,46335.3277439934
2024-01-10 14:00:00,46389.05724616941
2024-01-10 15:00:00,45690.06156713527
2024-01-10 16:00:00,45610.589717675
2024-01-10 17:00:00,45518.510858926194
2024-01-10 18:00:00,44562.03050546684
2024-01-10 19:00:00,44716.18247372208
2024-01-10 20:00:00,44644.236602081306
2024-01-10 21:00:00,45354.23416153171
2024-01-10 22:00:00,45317.042064683366
2024-01-10 23:00:00,45232.30159393037
2024-01-11 00:00:00,46512.194632787454
2024-01-11 01:00:00,46684.41419880507
2024-01-11 02:00:00,46707.36280918129
2024-01-11 03:00:00,45842.42125306466
2024-01-11 04:00:00,45709.57634315303
2024-01-11 05:00:00,45761.67676411093
2024-01-11 06:00:00,46643.24211836997
2024-01-11 07:00:00,46904.23283301979
2024-01-11 08:00:00,46968.88040758284
2024-01-11 09:00:00,46495.352744884454
2024-01-11 10:00:00,46506.31278323086
2024-01-11 11:00:00,46596.26543313838
2024-01-11 12:00:00,46030.86987103592
2024-01-11 13:00:00,46032.23372606799
2024-01-11 14:00:00,46091.54630686095
2024-01-11 15:00:00,46384.49982498071
2024-01-11 16:00:00,46284.21860500074
2024-01-11 17:00:00,46171.046064977825
2024-01-11 18:00:00,47562.7434414544
2024-01-11 19:00:00,47597.78620106458
2024-01-11 20:00:00,47745.65305477914
2024-01-11 21:00:00,46885.0749787711
2024-01-11 22:00:00,46548.76748964133
2024-01-11 23:00:00,46547.26860566439
2024-01-12 00:00:00,46598.51986180002
2024-01-12 01:00:00,46409.037017981995
2024-01-12 02:00:00,46374.461686690935
2024-01-12 03:00:00,46014.00598494522
2024-01-12 04:00:00,46074.68264048624
2024-01-12 05:00:00,45742.43557609526
2024-01-12 06:00:00,46438.88421231431
2024-01-12 07:00:00,46431.97324004288
2024-01-12 08:00:00,46406.925946248775
2024-01-12 09:00:00,45846.03390566609
2024-01-12 10:00:00,46081.403076641116
2024-01-12 11:00:00,46077.34204239881
2024-01-12 12:00:00,46045.1879771798
2024-01-12 13:00:00,46018.214267804055
2024-01-12 14:00:00,46397.90491759306
2024-01-12 15:00:00,45836.6423733501
2024-01-12 16:00:00,45683.71590574842
2024-01-12 17:00:00,45575.40845993499
2024-01-12 18:00:00,45883.433445651324
2024-01-12 19:00:00,46272.422862048814
2024-01-12 20:00:00,46175.48115717567
2024-01-12 21:00:00,44392.654960556545
2024-01-12 22:00:00,44220.368089582604
2024-01-12 23:00:00,44344.07667259386
2024-01-13 00:00:00,43588.851517180934
2024-01-13 01:00:00,43351.79704159478
2024-01-13 02:00:00,43612.94623628893
2024-01-13 03:00:00,43361.9663303407
2024-01-13 04:00:00,43204.97114599206
2024-01-13 05:00:00,43027.779852561725
2024-01-13 06:00:00,42853.26718949279
2024-01-13 07:00:00,43255.74273972301
2024-01-13 08:00:00,43093.904024985866
2024-01-13 09:00:00,42433.20185269966
2024-01-13 10:00:00,42628.888257951665
2024-01-13 11:00:00,42491.018756367775
2024-01-13 12:00:00,43133.130540506434
2024-01-13 13:00:00,43209.97680552551
2024-01-13 14:00:00,43518.45218245203
2024-01-13 15:00:00,42782.29730829029
2024-01-13 16:00:00,42564.80981838052
2024-01-13 17:00:00,42612.571720883454
2024-01-13 18:00:00,43108.35165604441
2024-01-13 19:00:00,43409.47811096625
2024-01-13 20:00:00,43350.130945871475
2024-01-13 21:00:00,43161.00565559387
2024-01-13 22:00:00,43477.912868573774
2024-01-13 23:00:00,43643.62096384365
2024-01-14 00:00:00,42770.16293391206
2024-01-14 01:00:00,42754.425158366896
2024-01-14 02:00:00,42690.63022410024
2024-01-14 03:00:00,42911.13574832714
2024-01-14 04:00:00,42719.43821769959
2024-01-14 05:00:00,42811.40568341223
2024-01-14 06:00:00,42449.28170378723
2024-01-14 07:00:00,42509.19539669524
2024-01-14 08:00:00,42328.14461484449
2024-01-14 09:00:00,42792.719425009505
2024-01-14 10:00:00,42789.74768224592
2024-01-14 11:00:00,42890.70942692169
2024-01-14 12:00:00,42792.54657416833
2024-01-14 13:00:00,43071.0274766265
2024-01-14 14:00:00,43267.96492250151
2024-01-14 15:00:00,42739.87559557351
2024-01-14 16:00:00,42694.63007294311
2024-01-14 17:00:00,42613.88344019093
2024-01-14 18:00:00,42818.70325902911
2024-01-14 19:00:00,42657.435568681954
2024-01-14 20:00:00,42823.435839047524
2024-01-14 21:00:00,42796.32004442438
2024-01-14 22:00:00,42618.917377279686
2024-01-14 23:00:00,42524.89538932924
2024-01-15 00:00:00,42892.13931323047
2024-01-15 01:00:00,42868.60002640278
2024-01-15 02:00:00,42860.7246307331
2024-01-15 03:00:00,42413.1389498467
2024-01-15 04:00:00,42279.29047852769
2024-01-15 05:00:00,42549.73543048224
2024-01-15 06:00:00,42173.09462042153
2024-01-15 07:00:00,42201.27598551038
2024-01-15 08:00:00,42243.7366156318
2024-01-15 09:00:00,42608.12039799553
2024-01-15 10:00:00,42583.991432288276
2024-01-15 11:00:00,42502.47532680072
2024-01-15 12:00:00,42528.89818040929
2024-01-15 13:00:00,42460.796836188405
2024-01-15 14:00:00,42544.6143896233
2024-01-15 15:00:00,42574.59369400567
2024-01-15 16:00:00,42565.56574233505
2024-01-15 17:00:00,42680.75360797675
2024-01-15 18:00:00,42789.426274102414
2024-01-15 19:00:00,42824.89284457252
2024-01-15 20:00:00,42626.7629616056
2024-01-15 21:00:00,42469.49596811529
2024-01-15 22:00:00,42215.73992285876
2024-01-15 23:00:00,42084.80345893196
2024-01-16 00:00:00,43253.491582447205
2024-01-16 01:00:00,43437.54166584352
2024-01-16 02:00:00,43556.79103646084
2024-01-16 03:00:00,42643.280055918505
2024-01-16 04:00:00,42681.47706270614
2024-01-16 05:00:00,42966.833372891306
2024-01-16 06:00:00,42570.034398740114
2024-01-16 07:00:00,42480.20737547885
2024-01-16 08:00:00,42622.84147133234
2024-01-16 09:00:00,42946.56935910912
2024-01-16 10:00:00,42892.027185976694
2024-01-16 11:00:00,42797.08153713739
2024-01-16 12:00:00,42721.843572234626
2024-01-16 13:00:00,42707.70214213751
2024-01-16 14:00:00,42837.41485729686
2024-01-16 15:00:00,43101.55827967498
2024-01-16 16:00:00,42934.84248569066
2024-01-16 17:00:00,43020.776509684794
2024-01-16 18:00:00,43087.32994572346
2024-01-16 19:00:00,43050.12959679634
2024-01-16 20:00:00,42938.3531039408
2024-01-16 21:00:00,43324.666179331245
2024-01-16 22:00:00,43109.363533978634
2024-01-16 23:00:00,43013.29188704576
2024-01-17 00:00:00,43036.11906384333
2024-01-17 01:00:00,43131.104414446236
2024-01-17 02:00:00,43194.9405064546
2024-01-17 03:00:00,43455.70783316285
2024-01-17 04:00:00,43623.112574992825
2024-01-17 05:00:00,43650.37663011605
2024-01-17 06:00:00,43293.58716516039
2024-01-17 07:00:00,43072.06628764648
2024-01-17 08:00:00,43233.71565509195
2024-01-17 09:00:00,42901.9503712076
2024-01-17 10:00:00,42766.6796191554
2024-01-17 11:00:00,42793.56881197186
2024-01-17 12:00:00,42934.76168427561
2024-01-17 13:00:00,43020.982828680295
2024-01-17 14:00:00,42798.27054606019
2024-01-17 15:00:00,42608.2804826449
2024-01-17 16:00:00,42447.458543970846
2024-01-17 17:00:00,42410.31684958928
2024-01-17 18:00:00,42603.78817681386
2024-01-17 19:00:00,42642.66300693496
2024-01-17 20:00:00,42705.825080931885
2024-01-17 21:00:00,42428.14559716179
2024-01-17 22:00:00,42447.53131285058
2024-01-17 23:00:00,42302.504139620585
2024-01-18 00:00:00,42713.227653397116
2024-01-18 01:00:00,42856.09928969855
2024-01-18 02:00:00,42991.34933985237
2024-01-18 03:00:00,42749.887951976605
2024-01-18 04:00:00,42879.090137070656
2024-01-18 05:00:00,43031.831548288304
2024-01-18 06:00:00,42625.46943104059
2024-01-18 07:00:00,42574.257279138226
2024-01-18 08:00:00,42740.794823009426
2024-01-18 09:00:00,42547.020544444065
2024-01-18 10:00:00,42397.91471725403
2024-01-18 11:00:00,42419.57254439017
2024-01-18 12:00:00,42859.43786114429
2024-01-18 13:00:00,42785.79524514496
2024-01-18 14:00:00,42682.040642353626
2024-01-18 15:00:00,42682.90981074417
2024-01-18 16:00:00,42733.752847687596
2024-01-18 17:00:00,42701.812359273674
2024-01-18 18:00:00,42411.52701518184
2024-01-18 19:00:00,42404.26774928572
2024-01-18 20:00:00,42521.69681408574
2024-01-18 21:00:00,42630.259749983605
2024-01-18 22:00:00,42840.54559130833
2024-01-18 23:00:00,42925.38973192403
2024-01-19 00:00:00,41539.237470758606
2024-01-19 01:00:00,41559.99837419535
2024-01-19 02:00:00,41470.777102152875
2024-01-19 03:00:00,40959.186470104905
2024-01-19 04:00:00,40997.8885615139
2024-01-19 05:00:00,41109.08447308827
2024-01-19 06:00:00,41208.63660848519
2024-01-19 07:00:00,41245.93983864847
2024-01-19 08:00:00,41143.84532952622
2024-01-19 09:00:00,40917.652790931264
2024-01-19 10:00:00,40865.87275507791
2024-01-19 11:00:00,40893.739578197514
2024-01-19 12:00:00,41388.73900670604
2024-01-19 13:00:00,41286.43943157527
2024-01-19 14:00:00,41306.47211356103
2024-01-19 15:00:00,41276.64921599293
2024-01-19 16:00:00,41266.9002434418
2024-01-19 17:00:00,41201.499875476
2024-01-19 18:00:00,41355.052002009994
2024-01-19 19:00:00,41354.495284096636
2024-01-19 20:00:00,41482.33479613337
2024-01-19 21:00:00,40864.45066346152
2024-01-19 22:00:00,40834.21008671142
2024-01-19 23:00:00,40827.07799886708
2024-01-20 00:00:00,41752.892284052105
2024-01-20 01:00:00,41813.761687884275
2024-01-20 02:00:00,41820.44214796219
2024-01-20 03:00:00,41595.52640062176
2024-01-20 04:00:00,41528.54985524813
2024-01-20 05:00:00,41534.9523854117
2024-01-20 06:00:00,41395.662765871966
2024-01-20 07:00:00,41490.91960183639
2024-01-20 08:00:00,41523.71448672694
2024-01-20 09:00:00,41635.32175179313
2024-01-20 10:00:00,41668.669989886504
2024-01-20 11:00:00,41623.534815258754
2024-01-20 12:00:00,41576.54045226127
2024-01-20 13:00:00,41493.31794043052
2024-01-20 14:00:00,41552.346963697055
2024-01-20 15:00:00,41477.97384594114
2024-01-20 16:00:00,41318.72401716804
2024-01-20 17:00:00,41384.74116226957
2024-01-20 18:00:00,41698.17007476337
2024-01-20 19:00:00,41839.50294820367
2024-01-20 20:00:00,41794.23948616615
2024-01-20 21:00:00,41456.63991238581
2024-01-20 22:00:00,41555.31988947267
2024-01-20 23:00:00,41677.550617078785
2024-01-21 00:00:00,41543.535348392856
2024-01-21 01:00:00,41530.42012518554
2024-01-21 02:00:00,41503.442811962545
2024-01-21 03:00:00,41738.96900163653
2024-01-21 04:00:00,41640.042525155826
2024-01-21 05:00:00,41649.0380168196
2024-01-21 06:00:00,41760.08467183242
2024-01-21 07:00:00,41698.826742936435
2024-01-21 08:00:00,41687.433384342505
2024-01-21 09:00:00,41581.938986300884
2024-01-21 10:00:00,41595.974426649496
2024-01-21 11:00:00,41636.10520403386
2024-01-21 12:00:00,41579.683342428354
2024-01-21 13:00:00,41542.47610710076
2024-01-21 14:00:00,41554.85817633935
2024-01-21 15:00:00,41768.5097264106
2024-01-21 16:00:00,41667.67441939637
2024-01-21 17:00:00,41677.701449455904
2024-01-21 18:00:00,41798.43718384222
2024-01-21 19:00:00,41797.69444287138
2024-01-21 20:00:00,41616.87133295537
2024-01-21 21:00:00,41626.576755088114
2024-01-21 22:00:00,41733.21263104561
2024-01-21 23:00:00,41735.73223186338
2024-01-22 00:00:00,41649.518307440274
2024-01-22 01:00:00,41646.44823604118
2024-01-22 02:00:00,41703.69633016966
2024-01-22 03:00:00,41788.470572913444
2024-01-22 04:00:00,41777.24845054773
2024-01-22 05:00:00,41752.86326975963
2024-01-22 06:00:00,41711.96211019046
2024-01-22 07:00:00,41753.07563585567
2024-01-22 08:00:00,41781.6796994805
2024-01-22 09:00:00,41247.849011775135
2024-01-22 10:00:00,41292.92161752798
2024-01-22 11:00:00,41291.72311233371
2024-01-22 12:00:00,41154.093641487554
2024-01-22 13:00:00,41160.92512148241
2024-01-22 14:00:00,41172.57090669517
2024-01-22 15:00:00,40581.48871069788
2024-01-22 16:00:00,40521.09657569987
2024-01-22 17:00:00,40548.0421572435
2024-01-22 18:00:00,40907.78677879632
2024-01-22 19:00:00,40974.57168917184
2024-01-22 20:00:00,40987.34805078131
2024-01-22 21:00:00,40769.11777638147
2024-01-22 22:00:00,40766.14973607664
2024-01-22 23:00:00,40714.207787614025
2024-01-23 00:00:00,40337.197645402615
2024-01-23 01:00:00,40348.29419133915
2024-01-23 02:00:00,40441.78062566374
2024-01-23 03:00:00,39833.743659470354
2024-01-23 04:00:00,39781.36314928931
2024-01-23 05:00:00,39912.82573117219
2024-01-23 06:00:00,39833.53152815587
2024-01-23 07:00:00,39862.79888753813
2024-01-23 08:00:00,39812.66716852814
2024-01-23 09:00:00,39979.50915214075
2024-01-23 10:00:00,39967.831428754274
2024-01-23 11:00:00,39943.943961482975
2024-01-23 12:00:00,40047.98403100873
2024-01-23 13:00:00,40118.419203814236
2024-01-23 14:00:00,40111.89541137907
2024-01-23 15:00:00,38921.12811515779
2024-01-23 16:00:00,38915.70211499136
2024-01-23 17:00:00,38997.49464797491
2024-01-23 18:00:00,38949.742782072215
2024-01-23 19:00:00,38892.08445518736
2024-01-23 20:00:00,38948.932302453104
2024-01-23 21:00:00,39115.670852027746
2024-01-23 22:00:00,39201.875514413856
2024-01-23 23:00:00,39126.5591568395
2024-01-24 00:00:00,39192.805893093355
2024-01-24 01:00:00,39194.63464750261
2024-01-24 02:00:00,39212.79315893446
2024-01-24 03:00:00,39138.43902279133
2024-01-24 04:00:00,39166.046476165924
2024-01-24 05:00:00,39255.959675140504
2024-01-24 06:00:00,40172.20555125174
2024-01-24 07:00:00,40161.01102409961
2024-01-24 08:00:00,40147.945195643
2024-01-24 09:00:00,39559.77754390907
2024-01-24 10:00:00,39488.89670664926
2024-01-24 11:00:00,39487.3178642261
2024-01-24 12:00:00,39908.11644935988
2024-01-24 13:00:00,40017.005353206456
2024-01-24 14:00:00,40069.21212849544
2024-01-24 15:00:00,39901.122357875814
2024-01-24 16:00:00,39962.08178665768
2024-01-24 17:00:00,39975.1453732545
2024-01-24 18:00:00,39946.849214551876
2024-01-24 19:00:00,40019.67441671486
2024-01-24 20:00:00,40089.198052693064
2024-01-24 21:00:00,40004.49479135441
2024-01-24 22:00:00,40038.7539168967
2024-01-24 23:00:00,40049.34168545999
2024-01-25 00:00:00,39906.133638467894
2024-01-25 01:00:00,39877.865368138504
2024-01-25 02:00:00,39914.270545542924
2024-01-25 03:00:00,39651.365172234495
2024-01-25 04:00:00,39618.645854051036
2024-01-25 05:00:00,39557.61083228181
2024-01-25 06:00:00,40114.1329149775
2024-01-25 07:00:00,40044.9303245937
2024-01-25 08:00:00,39967.39764135797
2024-01-25 09:00:00,39993.48341941154
2024-01-25 10:00:00,39975.904734537
2024-01-25 11:00:00,39989.04965642308
2024-01-25 12:00:00,40171.04316729107
2024-01-25 13:00:00,40089.95110864472
2024-01-25 14:00:00,40084.45761693713
2024-01-25 15:00:00,39953.08389669783
2024-01-25 16:00:00,40041.38188025403
2024-01-25 17:00:00,40108.67349198242
2024-01-25 18:00:00,39771.90282300093
2024-01-25 19:00:00,39772.76285783405
2024-01-25 20:00:00,39798.748353302464
2024-01-25 21:00:00,39787.306628657156
2024-01-25 22:00:00,39694.73003949607
2024-01-25 23:00:00,39733.5426275994
2024-01-26 00:00:00,39833.670134641085
2024-01-26 01:00:00,39734.235131911206
2024-01-26 02:00:00,39706.28823260665
2024-01-26 03:00:00,39945.77583126129
2024-01-26 04:00:00,40049.14863861475
2024-01-26 05:00:00,40052.578116000055
2024-01-26 06:00:00,39859.95681986458
2024-01-26 07:00:00,39828.273827496916
2024-01-26 08:00:00,39767.324211122694
2024-01-26 09:00:00,40065.390495667925
2024-01-26 10:00:00,40073.94457643557
2024-01-26 11:00:00,40093.04648553191
2024-01-26 12:00:00,40009.82009496207
2024-01-26 13:00:00,39993.66925201798
2024-01-26 14:00:00,40016.41880335275
2024-01-26 15:00:00,40095.729752952786
2024-01-26 16:00:00,40163.45204074229
2024-01-26 17:00:00,40158.18742398612
2024-01-26 18:00:00,41210.34366564139
2024-01-26 19:00:00,41193.29545468695
2024-01-26 20:00:00,41197.13853317934
2024-01-26 21:00:00,41379.7029329982
2024-01-26 22:00:00,41451.982172359465
2024-01-26 23:00:00,41612.07522917287
2024-01-27 00:00:00,42190.70846959981
2024-01-27 01:00:00,42198.587013492346
2024-01-27 02:00:00,42070.94760860469
2024-01-27 03:00:00,42025.88341021615
2024-01-27 04:00:00,42041.19956118023
2024-01-27 05:00:00,41896.24937469344
2024-01-27 06:00:00,41834.28930877281
2024-01-27 07:00:00,41915.4063905662
2024-01-27 08:00:00,41911.03666243056
2024-01-27 09:00:00,41793.22743078232
2024-01-27 10:00:00,41786.93280885889
2024-01-27 11:00:00,41840.68510075317
2024-01-27 12:00:00,41662.111675065295
2024-01-27 13:00:00,41618.61880419131
2024-01-27 14:00:00,41635.10005429333
2024-01-27 15:00:00,41574.09468136685
2024-01-27 16:00:00,41615.86225756276
2024-01-27 17:00:00,41505.10168649585
2024-01-27 18:00:00,41776.45776755892
2024-01-27 19:00:00,41679.90395351882
2024-01-27 20:00:00,41615.8658448641
2024-01-27 21:00:00,41737.786758433125
2024-01-27 22:00:00,41822.012912166414
2024-01-27 23:00:00,41867.56580791991
2024-01-28 00:00:00,41719.20398908106
2024-01-28 01:00:00,41709.00850251423
2024-01-28 02:00:00,41696.357291572545
2024-01-28 03:00:00,42234.85394196981
2024-01-28 04:00:00,42326.010558025264
2024-01-28 05:00:00,42221.00372245225
2024-01-28 06:00:00,42041.012342864706
2024-01-28 07:00:00,42140.5550135346
2024-01-28 08:00:00,42116.14532620027
2024-01-28 09:00:00,42203.24056506078
2024-01-28 10:00:00,42192.6754936157
2024-01-28 11:00:00,42264.40621897233
2024-01-28 12:00:00,42373.25447394171
2024-01-28 13:00:00,42302.04997459902
2024-01-28 14:00:00,42251.14588605673
2024-01-28 15:00:00,42584.15336392366
2024-01-28 16:00:00,42547.329190345
2024-01-28 17:00:00,42519.76417497132
2024-01-28 18:00:00,42507.920834341574
2024-01-28 19:00:00,42492.12657099881
2024-01-28 20:00:00,42517.84833212841
2024-01-28 21:00:00,42223.30627001488
2024-01-28 22:00:00,42239.05489283359
2024-01-28 23:00:00,42280.1217306742
2024-01-29 00:00:00,41957.2684185436
2024-01-29 01:00:00,42030.00408324024
2024-01-29 02:00:00,42066.447610280346
2024-01-29 03:00:00,41986.86810108077
2024-01-29 04:00:00,41941.76402105968
2024-01-29 05:00:00,41886.35670864583
2024-01-29 06:00:00,42027.960386866864
2024-01-29 07:00:00,42012.14842680071
2024-01-29 08:00:00,41930.61737785898
2024-01-29 09:00:00,42263.90705379452
2024-01-29 10:00:00,42250.09444997848
2024-01-29 11:00:00,42345.021596105864
2024-01-29 12:00:00,42102.703487049475
2024-01-29 13:00:00,42185.820170338346
2024-01-29 14:00:00,42165.26576055971
2024-01-29 15:00:00,42389.27439561736
2024-01-29 16:00:00,42427.1152357653
2024-01-29 17:00:00,42450.58780593468
2024-01-29 18:00:00,42136.233659499034
2024-01-29 19:00:00,42009.01899499817
2024-01-29 20:00:00,42009.38931616892
2024-01-29 21:00:00,42623.56369870965
2024-01-29 22:00:00,42610.16134310375
2024-01-29 23:00:00,42591.331045931154
2024-01-30 00:00:00,42867.468795125526
2024-01-30 01:00:00,42939.84845716567
2024-01-30 02:00:00,42871.85490215689
2024-01-30 03:00:00,43164.27967101747
2024-01-30 04:00:00,43167.181359912174
2024-01-30 05:00:00,43213.31706268627
2024-01-30 06:00:00,43202.10664548437
2024-01-30 07:00:00,43108.522405970514
2024-01-30 08:00:00,43153.71266979819
2024-01-30 09:00:00,43512.768925824246
2024-01-30 10:00:00,43486.15846601516
2024-01-30 11:00:00,43385.86454240452
2024-01-30 12:00:00,43298.73075034632
2024-01-30 13:00:00,43348.4720371512
2024-01-30 14:00:00,43346.50891115304
2024-01-30 15:00:00,43408.35046824836
2024-01-30 16:00:00,43394.23746550578
2024-01-30 17:00:00,43374.22908985518
2024-01-30 18:00:00,43442.52592403196
2024-01-30 19:00:00,43341.88705002736
2024-01-30 20:00:00,43475.79586704061
2024-01-30 21:00:00,43461.620556162445
2024-01-30 22:00:00,43432.5729760471
2024-01-30 23:00:00,43383.34612481747
2024-01-31 00:00:00,43266.78333010579
2024-01-31 01:00:00,43326.55607097725
2024-01-31 02:00:00,43259.08783754652
2024-01-31 03:00:00,43567.29227193966
2024-01-31 04:00:00,43560.598261439634
2024-01-31 05:00:00,43551.06673544569
2024-01-31 06:00:00,42912.43329440268
2024-01-31 07:00:00,42878.30935032556
2024-01-31 08:00:00,42968.197717352385
2024-01-31 09:00:00,42876.91118591899
2024-01-31 10:00:00,42834.06906179435
2024-01-31 11:00:00,42810.54797740151
2024-01-31 12:00:00,43024.82567175953
2024-01-31 13:00:00,43039.54564597104
2024-01-31 14:00:00,43026.963197754965
2024-01-31 15:00:00,42606.07153792413
2024-01-31 16:00:00,42658.73029170993
2024-01-31 17:00:00,42670.80875541678
2024-01-31 18:00:00,42574.361510851755
2024-01-31 19:00:00,42499.41251653057
2024-01-31 20:00:00,42435.267465406585
2024-01-31 21:00:00,43279.41240306571
2024-01-31 22:00:00,43184.109256517004
2024-01-31 23:00:00,43099.24399008697
2024-02-01 00:00:00,43524.50123526301
2024-02-01 01:00:00,43566.05268737169
2024-02-01 02:00:00,43582.764102360605
2024-02-01 03:00:00,42511.479469332495
2024-02-01 04:00:00,42541.450436333245
2024-02-01 05:00:00,42599.74044904716
2024-02-01 06:00:00,42461.87158977945
2024-02-01 07:00:00,42540.349464010105
2024-02-01 08:00:00,42552.61958013829
2024-02-01 09:00:00,41956.57670229436
2024-02-01 10:00:00,41916.10244131429
2024-02-01 11:00:00,41978.290308788746
2024-02-01 12:00:00,42155.376853367634
2024-02-01 13:00:00,42148.05433829496
2024-02-01 14:00:00,42086.61261521587
2024-02-01 15:00:00,42154.54133506268
2024-02-01 16:00:00,42187.06731726616
2024-02-01 17:00:00,42156.59283854141
2024-02-01 18:00:00,42003.00875977062
2024-02-01 19:00:00,42068.902493687
2024-02-01 20:00:00,42013.230739554216
2024-02-01 21:00:00,42436.410267703686
2024-02-01 22:00:00,42398.21880931796
2024-02-01 23:00:00,42376.728815871524
2024-02-02 00:00:00,42781.53457522466
2024-02-02 01:00:00,42766.39704461789
2024-02-02 02:00:00,42835.24462859843
2024-02-02 03:00:00,43160.087684424325
2024-02-02 04:00:00,43287.234040044044
2024-02-02 05:00:00,43346.2225924347
2024-02-02 06:00:00,43200.30971521632
2024-02-02 07:00:00,43228.456980787465
2024-02-02 08:00:00,43224.905724190976
2024-02-02 09:00:00,43074.70505781277
2024-02-02 10:00:00,43096.02042811703
2024-02-02 11:00:00,43202.476812832996
2024-02-02 12:00:00,43138.39796724288
2024-02-02 13:00:00,43067.256539288355
2024-02-02 14:00:00,43099.88644519744
2024-02-02 15:00:00,42945.503398453635
2024-02-02 16:00:00,42924.05696527256
2024-02-02 17:00:00,42882.7408328767
2024-02-02 18:00:00,43000.19298111707
2024-02-02 19:00:00,43057.774447113814
2024-02-02 20:00:00,42917.53950018531
2024-02-02 21:00:00,43146.41864549933
2024-02-02 22:00:00,43023.172459569774
2024-02-02 23:00:00,43026.86348907408
2024-02-03 00:00:00,42820.72663611383
2024-02-03 01:00:00,42707.54687312533
2024-02-03 02:00:00,42749.169283342504
2024-02-03 03:00:00,42893.197400238925
2024-02-03 04:00:00,42922.10256074247
2024-02-03 05:00:00,42871.324462172895
2024-02-03 06:00:00,43326.86820351878
2024-02-03 07:00:00,43451.84589197564
2024-02-03 08:00:00,43426.73189697224
2024-02-03 09:00:00,43124.64323374774
2024-02-03 10:00:00,43064.74736922235
2024-02-03 11:00:00,43052.672705384495
2024-02-03 12:00:00,43171.12496444999
2024-02-03 13:00:00,43096.789024017904
2024-02-03 14:00:00,43162.21068861264
2024-02-03 15:00:00,43124.1919291921
2024-02-03 16:00:00,43172.57087013097
2024-02-03 17:00:00,43220.947621431966
2024-02-03 18:00:00,43073.29185611078
2024-02-03 19:00:00,43114.193439227936
2024-02-03 20:00:00,42953.07049513568
2024-02-03 21:00:00,43046.95499813268
2024-02-03 22:00:00,43057.28784690856
2024-02-03 23:00:00,43101.93069221424
2024-02-04 00:00:00,42985.512639298366
2024-02-04 01:00:00,42923.288389455825
2024-02-04 02:00:00,42953.09073192168
2024-02-04 03:00:00,42986.58810304713
2024-02-04 04:00:00,42985.569350165446
2024-02-04 05:00:00,42930.21290693829
2024-02-04 06:00:00,42963.22256429578
2024-02-04 07:00:00,43023.79956799343
2024-02-04 08:00:00,43041.29195113496
2024-02-04 09:00:00,43113.53843206005
2024-02-04 10:00:00,43109.8993820815
2024-02-04 11:00:00,43183.90003571174
2024-02-04 12:00:00,42746.37920389716
2024-02-04 13:00:00,42682.928382233324
2024-02-04 14:00:00,42736.652539247996
2024-02-04 15:00:00,42949.740559208105
2024-02-04 16:00:00,42958.290224918084
2024-02-04 17:00:00,42984.4452524411
2024-02-04 18:00:00,42971.676636950986
2024-02-04 19:00:00,42922.7854264557
2024-02-04 20:00:00,42936.477098028954
2024-02-04 21:00:00,42942.01755275695
2024-02-04 22:00:00,42862.10455960722
2024-02-04 23:00:00,42789.9782694376
2024-02-05 00:00:00,42773.08203437797
2024-02-05 01:00:00,42743.72125688025
2024-02-05 02:00:00,42805.32951914988
2024-02-05 03:00:00,42673.18113043432
2024-02-05 04:00:00,42639.28471994131
2024-02-05 05:00:00,42653.18271469217
2024-02-05 06:00:00,42344.87837983733
2024-02-05 07:00:00,42457.045365220394
2024-02-05 08:00:00,42394.06894214254
2024-02-05 09:00:00,42785.168532104515
2024-02-05 10:00:00,42776.50925608576
2024-02-05 11:00:00,42789.29332888842
2024-02-05 12:00:00,42835.47339832089
2024-02-05 13:00:00,42898.4407779047
2024-02-05 14:00:00,42875.201016701365
2024-02-05 15:00:00,43033.807143613376
2024-02-05 16:00:00,43017.903068803855
2024-02-05 17:00:00,43043.43432927338
2024-02-05 18:00:00,43204.25222279832
2024-02-05 19:00:00,43225.72282377828
2024-02-05 20:00:00,43252.35963015169
2024-02-05 21:00:00,42571.743248476625
2024-02-05 22:00:00,42547.11848178317
2024-02-05 23:00:00,42562.68710149429
2024-02-06 00:00:00,42659.43751451171
2024-02-06 01:00:00,42623.95896544331
2024-02-06 02:00:00,42519.17643179303
2024-02-06 03:00:00,42266.18613964545
2024-02-06 04:00:00,42273.40290367794
2024-02-06 05:00:00,42293.58196425096
2024-02-06 06:00:00,42582.38757126811
2024-02-06 07:00:00,42581.07950867165
2024-02-06 08:00:00,42581.32405491177
2024-02-06 09:00:00,42859.31043658953
2024-02-06 10:00:00,42861.18815685503
2024-02-06 11:00:00,42810.51858690533
2024-02-06 12:00:00,42668.13773129038
2024-02-06 13:00:00,42753.840841586
2024-02-06 14:00:00,42752.15315222972
2024-02-06 15:00:00,42974.70532444256
2024-02-06 16:00:00,42976.32384497044
2024-02-06 17:00:00,42985.92324237269
2024-02-06 18:00:00,42761.86451434385
2024-02-06 19:00:00,42731.84614264299
2024-02-06 20:00:00,42703.07087764306
2024-02-06 21:00:00,43210.19584183837
2024-02-06 22:00:00,43203.71590713939
2024-02-06 23:00:00,43191.20939123219
2024-02-07 00:00:00,43190.16607406793
2024-02-07 01:00:00,43165.499835576884
2024-02-07 02:00:00,43173.086953432576
2024-02-07 03:00:00,43122.32070453081
2024-02-07 04:00:00,43124.168951783126
2024-02-07 05:00:00,43136.72372109449
2024-02-07 06:00:00,43056.94034808688
2024-02-07 07:00:00,43083.97863012023
2024-02-07 08:00:00,43099.10091972819
2024-02-07 09:00:00,42793.55634481411
2024-02-07 10:00:00,42784.24280010946
2024-02-07 11:00:00,42757.15877147693
2024-02-07 12:00:00,42955.91373679148
2024-02-07 13:00:00,42976.45655642796
2024-02-07 14:00:00,42912.94538855693
2024-02-07 15:00:00,43126.814827952556
2024-02-07 16:00:00,43127.706539223356
2024-02-07 17:00:00,43083.75940234826
2024-02-07 18:00:00,43079.2405669518
2024-02-07 19:00:00,43092.96380575071
2024-02-07 20:00:00,43104.52808201954
2024-02-07 21:00:00,43010.33830318869
2024-02-07 22:00:00,43047.31460893843
2024-02-07 23:00:00,42970.06062737252
2024-02-08 00:00:00,43561.92674004249
2024-02-08 01:00:00,43509.24731178432
2024-02-08 02:00:00,43427.607827350716
2024-02-08 03:00:00,44242.52059587648
2024-02-08 04:00:00,44205.47763231095
2024-02-08 05:00:00,44270.51023264959
2024-02-08 06:00:00,44629.62115744555
2024-02-08 07:00:00,44692.17111993008
2024-02-08 08:00:00,44770.44246855495
2024-02-08 09:00:00,44524.50962969526
2024-02-08 10:00:00,44566.82036168665
2024-02-08 11:00:00,44606.53116212602
2024-02-08 12:00:00,44493.427883236865
2024-02-08 13:00:00,44545.807983327155
2024-02-08 14:00:00,44571.97466192527
2024-02-08 15:00:00,44624.596016364005
2024-02-08 16:00:00,44646.72886454647
2024-02-08 17:00:00,44637.84567114872
2024-02-08 18:00:00,44652.07027200848
2024-02-08 19:00:00,44598.71238476566
2024-02-08 20:00:00,44624.353172549774
2024-02-08 21:00:00,45368.13060433695
2024-02-08 22:00:00,45359.911561390036
2024-02-08 23:00:00,45291.11669996167
2024-02-09 00:00:00,45318.29832545818
2024-02-09 01:00:00,45297.22552523003
2024-02-09 02:00:00,45262.82587063693
2024-02-09 03:00:00,45302.947048414906
2024-02-09 04:00:00,45228.07331249938
2024-02-09 05:00:00,45284.37774943436
2024-02-09 06:00:00,45337.975950993576
2024-02-09 07:00:00,45300.636648417836
2024-02-09 08:00:00,45324.59956535283
2024-02-09 09:00:00,46012.15209976493
2024-02-09 10:00:00,46039.64264769465
2024-02-09 11:00:00,46020.40406664421
2024-02-09 12:00:00,46201.111463575246
2024-02-09 13:00:00,46183.66482890993
2024-02-09 14:00:00,46210.1003740777
2024-02-09 15:00:00,46557.31852320471
2024-02-09 16:00:00,46534.17559923054
2024-02-09 17:00:00,46544.93652229878
2024-02-09 18:00:00,47274.91670618069
2024-02-09 19:00:00,47221.25371600641
2024-02-09 20:00:00,47241.81284721797
2024-02-09 21:00:00,47115.36352510242
2024-02-09 22:00:00,47123.01646908538
2024-02-09 23:00:00,47020.08671766477
2024-02-10 00:00:00,47615.50804024576
2024-02-10 01:00:00,47651.2312699859
2024-02-10 02:00:00,47676.76519150139
2024-02-10 03:00:00,47497.73983975728
2024-02-10 04:00:00,47519.21216951442
2024-02-10 05:00:00,47505.03352052755
2024-02-10 06:00:00,47116.87816254359
2024-02-10 07:00:00,47122.38690102051
2024-02-10 08:00:00,47216.37001402474
2024-02-10 09:00:00,47367.644712524496
2024-02-10 10:00:00,47402.16620905978
2024-02-10 11:00:00,47336.51155905662
2024-02-10 12:00:00,47355.60432731185
2024-02-10 13:00:00,47402.63921160598
2024-02-10 14:00:00,47355.16302061148
2024-02-10 15:00:00,47055.61479214246
2024-02-10 16:00:00,46975.534997852235
2024-02-10 17:00:00,46995.96631413519
2024-02-10 18:00:00,47218.114439075056
2024-02-10 19:00:00,47225.44866149235
2024-02-10 20:00:00,47202.534891179785
2024-02-10 21:00:00,47256.70453815993
2024-02-10 22:00:00,47297.19560810982
2024-02-10 23:00:00,47310.054214141775
2024-02-11 00:00:00,47392.54644215014
2024-02-11 01:00:00,47422.454639128984
2024-02-11 02:00:00,47470.86352103243
2024-02-11 03:00:00,47935.69930858739
2024-02-11 04:00:00,47957.60095966587
2024-02-11 05:00:00,47984.12571827749
2024-02-11 06:00:00,47729.47870477456
2024-02-11 07:00:00,47666.71883717783
2024-02-11 08:00:00,47737.27614097932
2024-02-11 09:00:00,48543.22303849958
2024-02-11 10:00:00,48489.67481076555
2024-02-11 11:00:00,48506.5067924058
2024-02-11 12:00:00,48199.74739045119
2024-02-11 13:00:00,48172.614373099736
2024-02-11 14:00:00,48173.464778864945
2024-02-11 15:00:00,48146.13586433059
2024-02-11 16:00:00,48184.530088204854
2024-02-11 17:00:00,48205.087421473516
2024-02-11 18:00:00,48280.23069767006
2024-02-11 19:00:00,48299.54206786263
2024-02-11 20:00:00,48231.929494594086
2024-02-11 21:00:00,48122.771586897565
2024-02-11 22:00:00,48154.80257464668
2024-02-11 23:00:00,48084.247351276535
2024-02-12 00:00:00,48283.05353661566
2024-02-12 01:00:00,48259.40204168159
2024-02-12 02:00:00,48284.00659705444
2024-02-12 03:00:00,48221.47100838266
2024-02-12 04:00:00,48172.27795037111
2024-02-12 05:00:00,48105.361890679524
2024-02-12 06:00:00,48568.01819882237
2024-02-12 07:00:00,48595.837122700286
2024-02-12 08:00:00,48622.6752748656
2024-02-12 09:00:00,48176.75430195473
2024-02-12 10:00:00,48141.01673540913
2024-02-12 11:00:00,48188.91805120122
2024-02-12 12:00:00,48161.46700387602
2024-02-12 13:00:00,48157.350387665676
2024-02-12 14:00:00,48208.733663406725
2024-02-12 15:00:00,47800.224731588445
2024-02-12 16:00:00,47761.298930082456
2024-02-12 17:00:00,47864.21517020752
2024-02-12 18:00:00,47970.05432631516
2024-02-12 19:00:00,47943.7638422632
2024-02-12 20:00:00,47974.32180161355
2024-02-12 21:00:00,49827.12002848059
2024-02-12 22:00:00,49752.8559951076
2024-02-12 23:00:00,49716.87879519065
2024-02-13 00:00:00,49771.74687033852
2024-02-13 01:00:00,49712.143775214885
2024-02-13 02:00:00,49686.388046083506
2024-02-13 03:00:00,49873.84497740398
2024-02-13 04:00:00,49943.909107945
2024-02-13 05:00:00,49973.14427466171
2024-02-13 06:00:00,50071.086221526944
2024-02-13 07:00:00,50182.8841600262
2024-02-13 08:00:00,50057.36554682196
2024-02-13 09:00:00,49766.23126967564
2024-02-13 10:00:00,49782.30739530324
2024-02-13 11:00:00,49850.18493238345
2024-02-13 12:00:00,50151.78323823004
2024-02-13 13:00:00,50015.78987592031
2024-02-13 14:00:00,50079.116812444074
2024-02-13 15:00:00,50313.122648680466
2024-02-13 16:00:00,50284.69451291819
2024-02-13 17:00:00,50263.86561862978
2024-02-13 18:00:00,49731.942014726854
2024-02-13 19:00:00,49681.72194911343
2024-02-13 20:00:00,49788.35293292486
2024-02-13 21:00:00,48654.7637298165
2024-02-13 22:00:00,48704.1365215176
2024-02-13 23:00:00,48546.68105207424
2024-02-14 00:00:00,49033.15910639751
2024-02-14 01:00:00,48939.939963991346
2024-02-14 02:00:00,48810.31963819546
2024-02-14 03:00:00,49627.72027742416
2024-02-14 04:00:00,49572.94219754706
2024-02-14 05:00:00,49618.307938755686
2024-02-14 06:00:00,49476.2809937837
2024-02-14 07:00:00,49547.628442274356
2024-02-14 08:00:00,49711.35147690938
2024-02-14 09:00:00,49537.337084873216
2024-02-14 10:00:00,49518.937079408104
2024-02-14 11:00:00,49628.458954159745
2024-02-14 12:00:00,49687.77010059357
2024-02-14 13:00:00,49720.4147495976
2024-02-14 14:00:00,49712.67560902458
2024-02-14 15:00:00,51658.93899342191
2024-02-14 16:00:00,51648.83197369859
2024-02-14 17:00:00,51662.20582101048
2024-02-14 18:00:00,51645.80242792922
2024-02-14 19:00:00,51633.8871534332
2024-02-14 20:00:00,51629.57432638151
2024-02-14 21:00:00,51575.83352010122
2024-02-14 22:00:00,51488.90073374157
2024-02-14 23:00:00,51592.41204507263
2024-02-15 00:00:00,51452.39533061918
2024-02-15 01:00:00,51504.55880230002
2024-02-15 02:00:00,51441.495968339295
2024-02-15 03:00:00,51620.934419576006
2024-02-15 04:00:00,51686.78627292751
2024-02-15 05:00:00,51744.84204922605
2024-02-15 06:00:00,52284.53049287382
2024-02-15 07:00:00,52313.23659452503
2024-02-15 08:00:00,52271.633175703944
2024-02-15 09:00:00,52376.937418167734
2024-02-15 10:00:00,52391.43715251165
2024-02-15 11:00:00,52338.07786671459
2024-02-15 12:00:00,51906.46965918505
2024-02-15 13:00:00,51883.472366050875
2024-02-15 14:00:00,51921.01457593292
2024-02-15 15:00:00,52204.88816433774
2024-02-15 16:00:00,52335.1621177518
2024-02-15 17:00:00,52386.63169561526
2024-02-15 18:00:00,52381.17803129529
2024-02-15 19:00:00,52468.0431238521
2024-02-15 20:00:00,52472.4155181414
2024-02-15 21:00:00,52056.09363877977
2024-02-15 22:00:00,52076.51063692686
2024-02-15 23:00:00,52099.80524660162
2024-02-16 00:00:00,52021.04520021096
2024-02-16 01:00:00,51915.82493957817
2024-02-16 02:00:00,52098.673633064405
2024-02-16 03:00:00,51276.744829213865
2024-02-16 04:00:00,51262.906069656674
2024-02-16 05:00:00,51358.33242242068
2024-02-16 06:00:00,51885.61735008193
2024-02-16 07:00:00,51861.32937921436
2024-02-16 08:00:00,51960.007275401724
2024-02-16 09:00:00,52286.312794328915
2024-02-16 10:00:00,52421.61429764906
2024-02-16 11:00:00,52301.98323673991
2024-02-16 12:00:00,51895.481739119525
2024-02-16 13:00:00,51830.496292570446
2024-02-16 14:00:00,51817.42395382879
2024-02-16 15:00:00,51727.80478421216
2024-02-16 16:00:00,51693.44635239476
2024-02-16 17:00:00,51624.462697357914
2024-02-16 18:00:00,52513.84504710212
2024-02-16 19:00:00,52624.8891737903
2024-02-16 20:00:00,52671.07333414757
2024-02-16 21:00:00,51863.1321019803
2024-02-16 22:00:00,52006.85520381181
2024-02-16 23:00:00,52020.6461742237
2024-02-17 00:00:00,52075.071387981494
2024-02-17 01:00:00,52090.50449746038
2024-02-17 02:00:00,52072.06613248002
2024-02-17 03:00:00,51916.42387954652
2024-02-17 04:00:00,51858.038636932964
2024-02-17 05:00:00,51788.79396001149
2024-02-17 06:00:00,52093.86324497327
2024-02-17 07:00:00,52010.78834106007
2024-02-17 08:00:00,52061.03132125642
2024-02-17 09:00:00,52043.55000611554
2024-02-17 10:00:00,52015.13775063117
2024-02-17 11:00:00,52049.977656928466
2024-02-17 12:00:00,51987.40375928616
2024-02-17 13:00:00,51965.983918910235
2024-02-17 14:00:00,51973.38723062637
2024-02-17 15:00:00,51745.86203093919
2024-02-17 16:00:00,51882.943775372456
2024-02-17 17:00:00,51877.76168388006
2024-02-17 18:00:00,51795.65313390101
2024-02-17 19:00:00,51709.161145861726
2024-02-17 20:00:00,51820.450933984845
2024-02-17 21:00:00,50957.10809806088
2024-02-17 22:00:00,51065.43044763178
2024-02-17 23:00:00,51096.976566664
2024-02-18 00:00:00,51197.730699765874
2024-02-18 01:00:00,51185.427086823205
2024-02-18 02:00:00,51130.49080764511
2024-02-18 03:00:00,51844.377471730564
2024-02-18 04:00:00,51830.287308458195
2024-02-18 05:00:00,51734.68164684749
2024-02-18 06:00:00,51660.15155949828
2024-02-18 07:00:00,51675.37038231231
2024-02-18 08:00:00,51621.081919302014
2024-02-18 09:00:00,51516.561850472666
2024-02-18 10:00:00,51423.05234322419
2024-02-18 11:00:00,51425.64710282343
2024-02-18 12:00:00,51556.192524464044
2024-02-18 13:00:00,51563.00590002014
2024-02-18 14:00:00,51513.28945395131
2024-02-18 15:00:00,51925.41408884502
2024-02-18 16:00:00,51975.84266242201
2024-02-18 17:00:00,51938.508807597194
2024-02-18 18:00:00,51601.4516806474
2024-02-18 19:00:00,51572.29744049221
2024-02-18 20:00:00,51566.49387649029
2024-02-18 21:00:00,51752.01543752257
2024-02-18 22:00:00,51632.70292456006
2024-02-18 23:00:00,51698.67670764485
2024-02-19 00:00:00,51786.63474708091
2024-02-19 01:00:00,51769.761656666284
2024-02-19 02:00:00,51799.94192633402
2024-02-19 03:00:00,51895.89380202158
2024-02-19 04:00:00,51815.93246005494
2024-02-19 05:00:00,51902.700383716394
2024-02-19 06:00:00,52134.74081236296
2024-02-19 07:00:00,52151.94290416931
2024-02-19 08:00:00,52127.17731213541
2024-02-19 09:00:00,52084.42882253688
2024-02-19 10:00:00,52241.19998163474
2024-02-19 11:00:00,52294.516624203694
2024-02-19 12:00:00,52378.64706761725
2024-02-19 13:00:00,52419.885960004394
2024-02-19 14:00:00,52381.99435762809
2024-02-19 15:00:00,52236.787048826925
2024-02-19 16:00:00,52344.90679816902
2024-02-19 17:00:00,52272.36216293393
2024-02-19 18:00:00,52257.50603239625
2024-02-19 19:00:00,52210.21496039882
2024-02-19 20:00:00,52219.47971517915
2024-02-19 21:00:00,52261.38101333063
2024-02-19 22:00:00,52148.85947360501
2024-02-19 23:00:00,52218.02511486712
2024-02-20 00:00:00,51899.92736828003
2024-02-20 01:00:00,51882.158637448505
2024-02-20 02:00:00,51888.99037318784
2024-02-20 03:00:00,51848.49897992579
2024-02-20 04:00:00,51851.86770442524
2024-02-20 05:00:00,51810.91795167328
2024-02-20 06:00:00,51690.03608736575
2024-02-20 07:00:00,51687.25646735778
2024-02-20 08:00:00,51563.876872084664
2024-02-20 09:00:00,51577.0602239969
2024-02-20 10:00:00,51652.86635130188
2024-02-20 11:00:00,51563.33113275229
2024-02-20 12:00:00,51920.414970017875
2024-02-20 13:00:00,51841.764552306166
2024-02-20 14:00:00,51874.82362791005
2024-02-20 15:00:00,51731.80850203242
2024-02-20 16:00:00,51646.07102318235
2024-02-20 17:00:00,51686.50543419112
2024-02-20 18:00:00,52174.34120016344
2024-02-20 19:00:00,52215.61062978527
2024-02-20 20:00:00,52236.31446492924
2024-02-20 21:00:00,51692.43353002698
2024-02-20 22:00:00,51693.98775401194
2024-02-20 23:00:00,51829.890888704744
2024-02-21 00:00:00,51568.72349348878
2024-02-21 01:00:00,51606.76930253851
2024-02-21 02:00:00,51677.9935963649
2024-02-21 03:00:00,52043.60349737099
2024-02-21 04:00:00,52064.93967318263
2024-02-21 05:00:00,52101.289668484016
2024-02-21 06:00:00,52199.437480216584
2024-02-21 07:00:00,52131.136283388194
2024-02-21 08:00:00,52125.580825766374
2024-02-21 09:00:00,52047.90465434265
2024-02-21 10:00:00,52064.82805545226
2024-02-21 11:00:00,52028.9901545686
2024-02-21 12:00:00,51673.84371409431
2024-02-21 13:00:00,51713.09390307753
2024-02-21 14:00:00,51693.17663468848
2024-02-21 15:00:00,51222.67248292294
2024-02-21 16:00:00,51101.98524653285
2024-02-21 17:00:00,51200.34179123395
2024-02-21 18:00:00,51339.988113403495
2024-02-21 19:00:00,51411.19602155059
2024-02-21 20:00:00,51293.89149662449
2024-02-21 21:00:00,51133.57170530496
2024-02-21 22:00:00,51108.33558941516
2024-02-21 23:00:00,51158.313676648955
2024-02-22 00:00:00,50885.45500314935
2024-02-22 01:00:00,50927.162508241265
2024-02-22 02:00:00,50914.45868231869
2024-02-22 03:00:00,51375.92990014608
2024-02-22 04:00:00,51390.760860149974
2024-02-22 05:00:00,51350.46019440529
2024-02-22 06:00:00,51519.420735241656
2024-02-22 07:00:00,51475.15298723246
2024-02-22 08:00:00,51427.60577525229
2024-02-22 09:00:00,51518.05679048298
2024-02-22 10:00:00,51523.379883968824
2024-02-22 11:00:00,51505.751121624635
2024-02-22 12:00:00,51758.78169133487
2024-02-22 13:00:00,51757.94940200848
2024-02-22 14:00:00,51668.80490243364
2024-02-22 15:00:00,51940.356901844294
2024-02-22 16:00:00,51870.36755527406
2024-02-22 17:00:00,51900.28554691547
2024-02-22 18:00:00,51543.06278963062
2024-02-22 19:00:00,51688.90755738994
2024-02-22 20:00:00,51611.38853392886
2024-02-22 21:00:00,51631.67314440831
2024-02-22 22:00:00,51666.676207250195
2024-02-22 23:00:00,51648.8931469162
2024-02-23 00:00:00,51700.47873520633
2024-02-23 01:00:00,51612.6906939187
2024-02-23 02:00:00,51595.32318639106
2024-02-23 03:00:00,51684.302046414006
2024-02-23 04:00:00,51681.45128631038
2024-02-23 05:00:00,51657.96412876368
2024-02-23 06:00:00,51362.82494543023
2024-02-23 07:00:00,51339.67156442713
2024-02-23 08:00:00,51339.989763786274
2024-02-23 09:00:00,51065.50132901269
2024-02-23 10:00:00,51058.679781567866
2024-02-23 11:00:00,51027.339752826825
2024-02-23 12:00:00,51286.513461475086
2024-02-23 13:00:00,51266.54058760262
2024-02-23 14:00:00,51377.99010476676
2024-02-23 15:00:00,50906.49429248882
2024-02-23 16:00:00,50959.09872283472
2024-02-23 17:00:00,50951.544094457
2024-02-23 18:00:00,50875.25363062437
2024-02-23 19:00:00,50875.853783077975
2024-02-23 20:00:00,50964.885497435935
2024-02-23 21:00:00,50900.01061368997
2024-02-23 22:00:00,51050.23539155259
2024-02-23 23:00:00,50978.692425857094
2024-02-24 00:00:00,51097.663407285494
2024-02-24 01:00:00,51128.988295948824
2024-02-24 02:00:00,51099.556843505496
2024-02-24 03:00:00,50965.35310202397
2024-02-24 04:00:00,50880.7779826838
2024-02-24 05:00:00,50885.66964036711
2024-02-24 06:00:00,50907.38898928311
2024-02-24 07:00:00,50887.7527306995
2024-02-24 08:00:00,50912.1045341179
2024-02-24 09:00:00,50759.8859686674
2024-02-24 10:00:00,50705.372551332206
2024-02-24 11:00:00,50675.729262280365
2024-02-24 12:00:00,50987.493089120326
2024-02-24 13:00:00,51026.8786125817
2024-02-24 14:00:00,50930.15973386338
2024-02-24 15:00:00,51058.8140536464
2024-02-24 16:00:00,51175.75700112456
2024-02-24 17:00:00,51162.82482327688
2024-02-24 18:00:00,51118.557412530994
2024-02-24 19:00:00,50993.46219256151
2024-02-24 20:00:00,51064.239216847214
2024-02-24 21:00:00,51056.20767645929
2024-02-24 22:00:00,51083.15683945933
2024-02-24 23:00:00,51132.31660873603
2024-02-25 00:00:00,51518.30975947582
2024-02-25 01:00:00,51511.406572477616
2024-02-25 02:00:00,51543.16041112867
2024-02-25 03:00:00,51522.86087998879
2024-02-25 04:00:00,51560.04110155309
2024-02-25 05:00:00,51527.482023686505
2024-02-25 06:00:00,51506.018235298296
2024-02-25 07:00:00,51515.14372334597
2024-02-25 08:00:00,51410.62510911449
2024-02-25 09:00:00,51689.37294116881
2024-02-25 10:00:00,51705.70408882859
2024-02-25 11:00:00,51687.03321398684
2024-02-25 12:00:00,51731.17347967523
2024-02-25 13:00:00,51683.16296315121
2024-02-25 14:00:00,51675.221991966755
2024-02-25 15:00:00,51686.17879941978
2024-02-25 16:00:00,51620.28403700497
2024-02-25 17:00:00,51615.95544619239
2024-02-25 18:00:00,51556.5361404771
2024-02-25 19:00:00,51651.98571927083
2024-02-25 20:00:00,51759.0585479751
2024-02-25 21:00:00,51478.45691450467
2024-02-25 22:00:00,51406.383549285514
2024-02-25 23:00:00,51423.632071348096
2024-02-26 00:00:00,51581.70441388535
2024-02-26 01:00:00,51548.411159032534
2024-02-26 02:00:00,51607.05862063437
2024-02-26 03:00:00,51844.19651581403
2024-02-26 04:00:00,51810.76374896798
2024-02-26 05:00:00,51754.72195024122
2024-02-26 06:00:00,51653.67184022595
2024-02-26 07:00:00,51555.263218131986
2024-02-26 08:00:00,51528.20079205985
2024-02-26 09:00:00,51546.67700295412
2024-02-26 10:00:00,51541.563129982096
2024-02-26 11:00:00,51546.40142949564
2024-02-26 12:00:00,51513.49407953104
2024-02-26 13:00:00,51529.71140418804
2024-02-26 14:00:00,51515.47474296582
2024-02-26 15:00:00,50888.43329855222
2024-02-26 16:00:00,50857.29091555439
2024-02-26 17:00:00,50904.5069735645
2024-02-26 18:00:00,51267.9010709017
2024-02-26 19:00:00,51251.090384640294
2024-02-26 20:00:00,51224.999008186875
2024-02-26 21:00:00,52787.32178810261
2024-02-26 22:00:00,52835.261277448444
2024-02-26 23:00:00,52926.5442891796
2024-02-27 00:00:00,53546.996906992135
2024-02-27 01:00:00,53514.73512735645
2024-02-27 02:00:00,53494.09581784545
2024-02-27 03:00:00,54635.071746736714
2024-02-27 04:00:00,54731.48591434321
2024-02-27 05:00:00,54724.827228231195
2024-02-27 06:00:00,54633.45788458543
2024-02-27 07:00:00,54695.23098689228
2024-02-27 08:00:00,54694.54541110406
2024-02-27 09:00:00,55765.32158449987
2024-02-27 10:00:00,55829.522175451224
2024-02-27 11:00:00,55933.26633411189
2024-02-27 12:00:00,56417.56830779328
2024-02-27 13:00:00,56419.91855308047
2024-02-27 14:00:00,56453.71100611404
2024-02-27 15:00:00,56684.47819570462
2024-02-27 16:00:00,56724.49241862018
2024-02-27 17:00:00,56753.33727660641
2024-02-27 18:00:00,56795.05798327956
2024-02-27 19:00:00,56648.64849722151
2024-02-27 20:00:00,56595.61901466147
2024-02-27 21:00:00,56868.39225163347
2024-02-27 22:00:00,56815.35408816528
2024-02-27 23:00:00,56691.950732494486
2024-02-28 00:00:00,57032.29117161034
2024-02-28 01:00:00,57078.76511059362
2024-02-28 02:00:00,57073.77525357649
2024-02-28 03:00:00,56645.447069191
2024-02-28 04:00:00,56559.51008071156
2024-02-28 05:00:00,56522.8235026828
2024-02-28 06:00:00,57018.80444546082
2024-02-28 07:00:00,57088.927492432595
2024-02-28 08:00:00,57211.98803935133
2024-02-28 09:00:00,57013.009107232814
2024-02-28 10:00:00,56984.02493865975
2024-02-28 11:00:00,56975.44980699784
2024-02-28 12:00:00,57288.22643611458
2024-02-28 13:00:00,57414.21852438283
2024-02-28 14:00:00,57531.237840920425
2024-02-28 15:00:00,59318.416047368424
2024-02-28 16:00:00,59372.065936226034
2024-02-28 17:00:00,59395.586873454566
2024-02-28 18:00:00,59536.439691289284
2024-02-28 19:00:00,59536.80464033781
2024-02-28 20:00:00,59594.4803006703
2024-02-28 21:00:00,61158.85767870924
2024-02-28 22:00:00,61245.47281365986
2024-02-28 23:00:00,61311.065758096636
2024-02-29 00:00:00,61186.0043072525
2024-02-29 01:00:00,61223.727512922764
2024-02-29 02:00:00,61338.77020158796
2024-02-29 03:00:00,60684.725320611535
2024-02-29 04:00:00,60761.00646720108
2024-02-29 05:00:00,60899.020986722455
2024-02-29 06:00:00,61491.8634433813
2024-02-29 07:00:00,61538.17678192357
2024-02-29 08:00:00,61523.08503316518
2024-02-29 09:00:00,61563.525570042955
2024-02-29 10:00:00,61623.5151190404
2024-02-29 11:00:00,61707.626286700965
2024-02-29 12:00:00,63192.73669119102
2024-02-29 13:00:00,63031.404447596025
2024-02-29 14:00:00,63069.81238922044
2024-02-29 15:00:00,62926.74813265269
2024-02-29 16:00:00,62941.82503021002
2024-02-29 17:00:00,62790.37950319228
2024-02-29 18:00:00,62894.56882856661
2024-02-29 19:00:00,62990.82294201697
2024-02-29 20:00:00,63049.845951963565
2024-02-29 21:00:00,62829.663199675946
2024-02-29 22:00:00,62876.7181220343
2024-02-29 23:00:00,62855.57315676304
2024-03-01 00:00:00,60883.36547948401
2024-03-01 01:00:00,61234.20492389654
2024-03-01 02:00:00,61127.216638710954
2024-03-01 03:00:00,61463.777364613736
2024-03-01 04:00:00,61519.864505127305
2024-03-01 05:00:00,61353.82195515287
2024-03-01 06:00:00,61820.225248874114
2024-03-01 07:00:00,61687.7674234921
2024-03-01 08:00:00,61765.8806338054
2024-03-01 09:00:00,61311.62922035582
2024-03-01 10:00:00,61407.844322209174
2024-03-01 11:00:00,61319.90628693788
2024-03-01 12:00:00,61372.35659382784
2024-03-01 13:00:00,61279.24181882612
2024-03-01 14:00:00,61311.65118621299
2024-03-01 15:00:00,62389.26719842186
2024-03-01 16:00:00,62457.15842807699
2024-03-01 17:00:00,62220.17683424904
2024-03-01 18:00:00,62380.35560485437
2024-03-01 19:00:00,62455.861610127555
2024-03-01 20:00:00,62530.42150831054
2024-03-01 21:00:00,61338.88510864126
2024-03-01 22:00:00,61621.688079081156
2024-03-01 23:00:00,61731.621309489245
2024-03-02 00:00:00,62368.964521338734
2024-03-02 01:00:00,62367.56151836981
2024-03-02 02:00:00,62411.431090121136
2024-03-02 03:00:00,62625.43901518399
2024-03-02 04:00:00,62731.143514819676
2024-03-02 05:00:00,62684.09365669414
2024-03-02 06:00:00,62460.41176174294
2024-03-02 07:00:00,62605.860570382545
2024-03-02 08:00:00,62917.95743272096
2024-03-02 09:00:00,62158.51226421048
2024-03-02 10:00:00,61968.33350361971
2024-03-02 11:00:00,61887.9016609979
2024-03-02 12:00:00,62159.08675602222
2024-03-02 13:00:00,62113.22092633302
2024-03-02 14:00:00,61855.82004294204
2024-03-02 15:00:00,62022.22446807512
2024-03-02 16:00:00,62152.322992505404
2024-03-02 17:00:00,62221.7661781107
2024-03-02 18:00:00,61979.18642009614
2024-03-02 19:00:00,61865.443136050875
2024-03-02 20:00:00,62077.73559104059
2024-03-02 21:00:00,61692.15541735849
2024-03-02 22:00:00,61903.00137756856
2024-03-02 23:00:00,61882.35510083591
2024-03-03 00:00:00,62028.695167337275
2024-03-03 01:00:00,62151.66957037171
2024-03-03 02:00:00,62137.972415990705
2024-03-03 03:00:00,61852.26949041402
2024-03-03 04:00:00,61877.766681340894
2024-03-03 05:00:00,61941.99248763767
2024-03-03 06:00:00,61940.891222646605
2024-03-03 07:00:00,61787.26568869433
2024-03-03 08:00:00,61808.62614774683
2024-03-03 09:00:00,62017.7951211081
2024-03-03 10:00:00,61940.78466352113
2024-03-03 11:00:00,61883.65698295781
2024-03-03 12:00:00,61752.01334718454
2024-03-03 13:00:00,61893.979050036636
2024-03-03 14:00:00,61878.24939271106
2024-03-03 15:00:00,61798.165283809925
2024-03-03 16:00:00,61655.41858713553
2024-03-03 17:00:00,61518.173458211364
2024-03-03 18:00:00,62265.67086248724
2024-03-03 19:00:00,62273.71197678203
2024-03-03 20:00:00,62363.35757649313
2024-03-03 21:00:00,62038.99935952842
2024-03-03 22:00:00,61914.06192318085
2024-03-03 23:00:00,62039.4032193452
2024-03-04 00:00:00,62754.590800916434
2024-03-04 01:00:00,62680.89993258046
2024-03-04 02:00:00,62792.98266654751
2024-03-04 03:00:00,62926.54869558921
2024-03-04 04:00:00,62948.12366918704
2024-03-04 05:00:00,62920.43262064847
2024-03-04 06:00:00,63619.94738097793
2024-03-04 07:00:00,63813.4849897684
2024-03-04 08:00:00,63892.850846697766
2024-03-04 09:00:00,63643.99179603988
2024-03-04 10:00:00,63721.4161342052
2024-03-04 11:00:00,63893.240815232246
2024-03-04 12:00:00,63866.59170315937
2024-03-04 13:00:00,63930.6175970402
2024-03-04 14:00:00,63970.11284911921
2024-03-04 15:00:00,65353.092925988436
2024-03-04 16:00:00,65362.935145740106
2024-03-04 17:00:00,65348.34769867707
2024-03-04 18:00:00,65038.28759529562
2024-03-04 19:00:00,64966.82576856259
2024-03-04 20:00:00,65216.354137339746
2024-03-04 21:00:00,66480.7499340776
2024-03-04 22:00:00,66391.37501898405
2024-03-04 23:00:00,66575.6996647848
2024-03-05 00:00:00,66605.45787077781
2024-03-05 01:00:00,66487.43165431658
2024-03-05 02:00:00,66424.82570096638
2024-03-05 03:00:00,67584.33445731063
2024-03-05 04:00:00,67765.19953203047
2024-03-05 05:00:00,67937.22351019652
2024-03-05 06:00:00,68394.37522335579
2024-03-05 07:00:00,68561.00059475742
2024-03-05 08:00:00,68392.46928994474
2024-03-05 09:00:00,68399.46774508909
2024-03-05 10:00:00,68624.67142647889
2024-03-05 11:00:00,68826.0095804087
2024-03-05 12:00:00,67285.41696921931
2024-03-05 13:00:00,67360.38943941097
2024-03-05 14:00:00,67400.03772620825
2024-03-05 15:00:00,66262.70369636409
2024-03-05 16:00:00,66048.26328776087
2024-03-05 17:00:00,66056.64469620239
2024-03-05 18:00:00,67227.36578997978
2024-03-05 19:00:00,67054.44814400648
2024-03-05 20:00:00,66983.77010475776
2024-03-05 21:00:00,66796.25177370441
2024-03-05 22:00:00,66815.80339692821
2024-03-05 23:00:00,66728.11226681338
2024-03-06 00:00:00,64255.41748721211
2024-03-06 01:00:00,64525.5488119143
2024-03-06 02:00:00,64624.271127964035
2024-03-06 03:00:00,63621.684828867146
2024-03-06 04:00:00,63569.63925820177
2024-03-06 05:00:00,63659.648582347596
2024-03-06 06:00:00,63319.198006539606
2024-03-06 07:00:00,63617.74472515499
2024-03-06 08:00:00,63587.229395736795
2024-03-06 09:00:00,63342.93985326846
2024-03-06 10:00:00,63716.66844993933
2024-03-06 11:00:00,63718.684506026504
2024-03-06 12:00:00,65678.75248979076
2024-03-06 13:00:00,65917.84280352083
2024-03-06 14:00:00,65703.25264977502
2024-03-06 15:00:00,65815.68708368693
2024-03-06 16:00:00,66126.04976578911
2024-03-06 17:00:00,66466.84891702632
2024-03-06 18:00:00,65695.3849344457
2024-03-06 19:00:00,65969.91812894364
2024-03-06 20:00:00,65985.59533227005
2024-03-06 21:00:00,66457.34739279962
2024-03-06 22:00:00,66286.91000905134
2024-03-06 23:00:00,66652.26747548496
2024-03-07 00:00:00,67430.25536333253
2024-03-07 01:00:00,67963.74943425479
2024-03-07 02:00:00,67675.7288267401
2024-03-07 03:00:00,66295.92294975562
2024-03-07 04:00:00,66351.33235067982
2024-03-07 05:00:00,66470.24341985703
2024-03-07 06:00:00,65950.81155939325
2024-03-07 07:00:00,66188.47661752744
2024-03-07 08:00:00,66146.42210394345
2024-03-07 09:00:00,66037.49364057512
2024-03-07 10:00:00,66004.5335109049
2024-03-07 11:00:00,65726.62989269143
2024-03-07 12:00:00,65790.10517886304
2024-03-07 13:00:00,65480.61890809295
2024-03-07 14:00:00,65270.46132483727
2024-03-07 15:00:00,66855.44231580247
2024-03-07 16:00:00,66682.84264644461
2024-03-07 17:00:00,66294.24515388923
2024-03-07 18:00:00,66621.77882604286
2024-03-07 19:00:00,66768.06073297077
2024-03-07 20:00:00,66435.42229749472
2024-03-07 21:00:00,67157.20855842312
2024-03-07 22:00:00,67410.87871960968
2024-03-07 23:00:00,67904.45899943513
2024-03-08 00:00:00,67729.99092414149
2024-03-08 01:00:00,67813.49133659067
2024-03-08 02:00:00,68054.20946559953
2024-03-08 03:00:00,67655.25039437067
2024-03-08 04:00:00,67618.09208750559
2024-03-08 05:00:00,67693.67811900508
2024-03-08 06:00:00,67508.65960458416
2024-03-08 07:00:00,67627.08595012434
2024-03-08 08:00:00,67542.74904506766
2024-03-08 09:00:00,67148.77326085149
2024-03-08 10:00:00,66919.84835190908
2024-03-08 11:00:00,66816.83622692901
2024-03-08 12:00:00,67675.50416122549
2024-03-08 13:00:00,67887.41012244475
2024-03-08 14:00:00,67754.63224668188
2024-03-08 15:00:00,67135.52188968132
2024-03-08 16:00:00,67014.20050143078
2024-03-08 17:00:00,67259.28780893833
2024-03-08 18:00:00,67386.79702017139
2024-03-08 19:00:00,67215.44813695713
2024-03-08 20:00:00,67008.48859242952
2024-03-08 21:00:00,67741.10192007382
2024-03-08 22:00:00,68308.70594840766
2024-03-08 23:00:00,68314.24696549219
2024-03-09 00:00:00,68960.56484676091
2024-03-09 01:00:00,69069.5275684603
2024-03-09 02:00:00,69270.38644181972
2024-03-09 03:00:00,68516.79499813949
2024-03-09 04:00:00,68561.14735392891
2024-03-09 05:00:00,68735.53472039886
2024-03-09 06:00:00,68645.93774801963
2024-03-09 07:00:00,68679.59992535146
2024-03-09 08:00:00,68979.65752919848
2024-03-09 09:00:00,68505.09031995617
2024-03-09 10:00:00,68514.46561181042
2024-03-09 11:00:00,68304.4961922945
2024-03-09 12:00:00,68458.20280597876
2024-03-09 13:00:00,68340.11467239498
2024-03-09 14:00:00,68294.01692766564
2024-03-09 15:00:00,68602.82755262844
2024-03-09 16:00:00,68659.06408567945
2024-03-09 17:00:00,68744.60511013311
2024-03-09 18:00:00,68388.63416816466
2024-03-09 19:00:00,68346.7931708411
2024-03-09 20:00:00,68530.64375105804
2024-03-09 21:00:00,68687.49430293003
2024-03-09 22:00:00,68871.46663102723
2024-03-09 23:00:00,68833.89167072286
